,HypPlaneDist
"<android.net.sip.SipAudioCall: void sendDtmf(int,Message)>",0.8745309434009809
<android.net.sip.SipAudioCall.Listener: void onChanged(SipAudioCall)>,0.7803941124933349
<android.net.sip.SipAudioCall.Listener: void onReadyToCall(SipAudioCall)>,0.7470503531124524
<android.net.sip.SipAudioCall.Listener: void onCallBusy(SipAudioCall)>,0.7166148023441434
<android.net.sip.SipAudioCall.Listener: void onCallEstablished(SipAudioCall)>,0.7166148023441434
<android.net.sip.SipAudioCall.Listener: void onCallHeld(SipAudioCall)>,0.7166148023441434
<android.net.sip.SipAudioCall.Listener: void onCallEnded(SipAudioCall)>,0.7166148023441434
<android.net.sip.SipAudioCall: void sendDtmf(int)>,0.7110446374350983
"<android.net.DnsResolver: void query(Network,String,int,Executor,CancellationSignal,Callback)>",0.7031815908291921
"<android.net.DnsResolver: void rawQuery(Network,byte,int,Executor,CancellationSignal,Callback)>",0.7019775796060164
"<android.net.DnsResolver: void query(Network,String,int,int,Executor,CancellationSignal,Callback)>",0.6928810347669283
"<android.net.sip.SipAudioCall: void attachCall(SipSession,String)>",0.6895921001648446
"<android.net.wifi.aware.DiscoverySession: void sendMessage(PeerHandle,int,byte)>",0.6796514814866517
<android.net.sip.SipAudioCall.Listener: void onRingingBack(SipAudioCall)>,0.6681479407850182
<android.net.sip.SipAudioCall.Listener: void onCalling(SipAudioCall)>,0.6296018737542329
"<android.net.DnsResolver: void rawQuery(Network,String,int,int,int,Executor,CancellationSignal,Callback)>",0.622068449290913
"<android.net.sip.SipSession.Listener: void onCallEstablished(SipSession,String)>",0.6162476456040222
<android.net.wifi.hotspot2.pps.Credential.CertificateCredential: void setCertSha256Fingerprint(byte)>,0.6034005992098729
<android.net.wifi.p2p.WifiP2pDevice: void update(WifiP2pDevice)>,0.5589666622177161
<android.net.sip.SipSession.Listener: void onCallBusy(SipSession)>,0.5066589568057065
"<android.net.sip.SipAudioCall.Listener: void onRinging(SipAudioCall,SipProfile)>",0.452317955899101
<android.net.sip.SipSession.Listener: void onRegistering(SipSession)>,0.4379696908283344
<android.net.sip.SipSession.Listener: void onCallEnded(SipSession)>,0.4364200001142886
<android.net.sip.SipSession.Listener: void onRegistrationTimeout(SipSession)>,0.4279567369612045
<android.net.sip.SipSession.Listener: void onRingingBack(SipSession)>,0.4263768555271972
<android.net.sip.SipSession.Listener: void onCalling(SipSession)>,0.3813225706014123
"<android.net.sip.SipSession.Listener: void onRegistrationDone(SipSession,int)>",0.3808877294341446
"<android.net.sip.SipSession.Listener: void onCallChangeFailed(SipSession,int,String)>",0.362379493245538
"<android.net.sip.SipSession.Listener: void onRegistrationFailed(SipSession,int,String)>",0.3548686774146428
<android.net.wifi.hotspot2.pps.Credential.UserCredential: void setPassword(String)>,0.3548595601875877
"<android.net.sip.SipAudioCall.Listener: void onError(SipAudioCall,int,String)>",0.3447561668287984
<android.net.UrlQuerySanitizer: int decodeHexDigit(char)>,0.3385064272893969
<android.net.wifi.aware.PublishDiscoverySession: void updatePublish(PublishConfig)>,0.33082976069768977
<android.net.wifi.aware.SubscribeDiscoverySession: void updateSubscribe(SubscribeConfig)>,0.33082976069768977
"<android.net.sip.SipSession.Listener: void onRinging(SipSession,SipProfile,String)>",0.2683161303216406
<android.net.wifi.hotspot2.pps.Credential.CertificateCredential: void setCertType(String)>,0.22453556587041826
<android.net.wifi.aware.DiscoverySessionCallback: void onSubscribeStarted(SubscribeDiscoverySession)>,0.13692279350176628
<android.net.wifi.aware.DiscoverySessionCallback: void onPublishStarted(PublishDiscoverySession)>,0.13692279350176628
<android.net.wifi.WifiEnterpriseConfig: void setCaCertificate(X509Certificate)>,0.11801058105189455
"<android.net.sip.SipSession.Listener: void onError(SipSession,int,String)>",0.10807761243757907
