,Annotation
<android.app.MediaRouteButton: void onAttachedToWindow()>,NEITHER
<android.net.ConnectivityManager: NetworkInfo getAllNetworkInfo()>,SOURCE
"<android.os.Bundle: void putFloat(String,float)>",NEITHER
"<android.accounts.AccountManager: AccountManagerFuture confirmCredentials(Account,Bundle,Activity,AccountManagerCallback,Handler)>",NEITHER
"<android.app.Activity: void startActivityForResult(Intent,int)>",NEITHER
<android.service.dreams.DreamService: void onDestroy()>,NEITHER
<android.widget.RatingBar: void setMax(int)>,NEITHER
<android.view.inputmethod.InputMethodInfo: CharSequence loadLabel(PackageManager)>,NEITHER
<android.content.ClipboardManager: ClipData getPrimaryClip()>,SOURCE
"<android.test.TouchUtils: int dragViewToY(InstrumentationTestCase,View,int,int)>",NEITHER
<android.bluetooth.BluetoothAdapter: int getScanMode()>,SOURCE
"<android.test.ProviderTestCase: ContentResolver newResolverWithContentProviderFromSql(Context,Class,String,String,int,String)>",SOURCE
<android.content.Intent: float getFloatArrayExtra(String)>,NEITHER
<android.os.UserManager: int getUserCount()>,SOURCE
"<android.text.SpannableStringBuilder: void setSpan(Object,int,int,int)>",NEITHER
<android.view.accessibility.AccessibilityRecord: AccessibilityNodeInfo getSource()>,NEITHER
<android.os.Bundle: byte getByte(String)>,NEITHER
<android.app.ActivityManager: List getRunningTasks(int)>,SOURCE
"<android.app.Activity: void startIntentSender(IntentSender,Intent,int,int,int)>",NEITHER
<android.app.WallpaperManager: Drawable getDrawable()>,NEITHER
"<android.widget.CursorTreeAdapter: void setChildrenCursor(int,Cursor)>",NEITHER
"<android.content.ContentResolver: Bundle call(Uri,String,String,Bundle)>",NEITHER
"<android.content.Intent: Intent putExtra(String,byte)>",NEITHER
<android.app.Activity: void finishFromChild(Activity)>,NEITHER
<android.speech.tts.TextToSpeech: int stop()>,NEITHER
<android.webkit.WebView: Bitmap getFavicon()>,NEITHER
<android.view.View: void onStartTemporaryDetach()>,NEITHER
<android.widget.Toast: void setText(CharSequence)>,SINK
"<android.accounts.AccountManager: void setAuthToken(Account,String,String)>",NEITHER
<android.widget.TextClock: void setTimeZone(String)>,NEITHER
"<android.view.FocusFinder: View findNextFocusFromRect(ViewGroup,Rect,int)>",NEITHER
<android.view.View: void setScrollBarDefaultDelayBeforeFade(int)>,NEITHER
"<android.telephony.PhoneNumberUtils: String getNumberFromIntent(Intent,Context)>",NEITHER
<android.appwidget.AppWidgetHost: int allocateAppWidgetId()>,NEITHER
<android.preference.PreferenceActivity: void addPreferencesFromIntent(Intent)>,NEITHER
<android.widget.HorizontalScrollView: void fling(int)>,NEITHER
<android.nfc.tech.NfcV: void close()>,NEITHER
"<android.app.PendingIntent: void send(Context,int,Intent)>",NEITHER
<android.speech.tts.TextToSpeech: List getEngines()>,NEITHER
"<android.content.Intent: Intent putExtra(String,long)>",NEITHER
"<android.content.ContextWrapper: void enforceCallingOrSelfPermission(String,String)>",NEITHER
<android.drm.DrmManagerClient: int checkRightsStatus(Uri)>,NEITHER
<android.content.Intent: String toUri(int)>,NEITHER
<android.view.Display: int getWidth()>,NEITHER
<android.database.sqlite.SQLiteDatabase: int getVersion()>,SOURCE
<android.app.WallpaperManager: int getDesiredMinimumWidth()>,NEITHER
"<android.accounts.AccountManager: AccountManagerFuture getAccountsByTypeAndFeatures(String,String,AccountManagerCallback,Handler)>",SOURCE
<android.view.ViewGroup: void dispatchWindowVisibilityChanged(int)>,NEITHER
<android.view.ViewGroup: void removeViewInLayout(View)>,NEITHER
"<android.widget.RemoteViews: View apply(Context,ViewGroup)>",NEITHER
"<android.hardware.SensorManager: void unregisterListener(SensorListener,int)>",NEITHER
"<android.os.Bundle: void putShortArray(String,short)>",NEITHER
<android.nfc.tech.NfcA: int getTimeout()>,SOURCE
"<android.widget.RemoteViews: void reapply(Context,View)>",NEITHER
"<android.telephony.gsm.SmsManager: void sendTextMessage(String,String,String,PendingIntent,PendingIntent)>",SINK
"<android.util.Log: int wtf(String,String)>",SINK
"<android.os.Bundle: void putShort(String,short)>",NEITHER
<android.webkit.WebView: void setInitialScale(int)>,NEITHER
<android.bluetooth.BluetoothDevice: BluetoothClass getBluetoothClass()>,SOURCE
<android.database.sqlite.SQLiteOpenHelper: SQLiteDatabase getWritableDatabase()>,SOURCE
"<android.telephony.PhoneNumberUtils: void formatNumber(Editable,int)>",NEITHER
<android.view.ViewConfiguration: int getLongPressTimeout()>,NEITHER
<android.view.View: void dispatchStartTemporaryDetach()>,NEITHER
"<android.app.ActivityOptions: ActivityOptions makeThumbnailScaleUpAnimation(View,Bitmap,int,int)>",NEITHER
<android.telephony.PhoneNumberFormattingTextWatcher: void afterTextChanged(Editable)>,NEITHER
<android.webkit.WebView: void setCertificate(SslCertificate)>,SINK
<android.view.textservice.SpellCheckerSession: void cancel()>,NEITHER
"<android.app.Activity: void startIntentSender(IntentSender,Intent,int,int,int,Bundle)>",SINK
"<android.widget.Toast: Toast makeText(Context,CharSequence,int)>",SINK
<android.view.InputDevice: InputDevice getDevice(int)>,SOURCE
"<android.app.LocalActivityManager: Window startActivity(String,Intent)>",NEITHER
"<android.content.ContextWrapper: int checkCallingUriPermission(Uri,int)>",NEITHER
<android.service.dreams.DreamService: void onCreate()>,NEITHER
<android.widget.Chronometer: void start()>,NEITHER
<android.speech.tts.TextToSpeech: int isLanguageAvailable(Locale)>,NEITHER
"<android.text.BoringLayout: void draw(Canvas,Path,Paint,int)>",NEITHER
<android.widget.ListPopupWindow: void setPromptView(View)>,NEITHER
"<android.content.pm.ResolveInfo: void writeToParcel(Parcel,int)>",NEITHER
<android.os.Bundle: Serializable getSerializable(String)>,NEITHER
<android.database.sqlite.SQLiteDatabase: void setLocale(Locale)>,SINK
<android.net.wifi.WifiManager: List getScanResults()>,SOURCE
<android.net.sip.SipSession: SipProfile getPeerProfile()>,SOURCE
<android.widget.SlidingDrawer: void open()>,NEITHER
<android.content.res.Resources: String getString(int)>,NEITHER
<android.widget.MediaController: void onFinishInflate()>,NEITHER
<android.content.ContextWrapper: void clearWallpaper()>,NEITHER
<android.accessibilityservice.AccessibilityService: IBinder onBind(Intent)>,NEITHER
<android.database.sqlite.SQLiteDatabase: void setVersion(int)>,NEITHER
"<android.widget.TextView: void setPaddingRelative(int,int,int,int)>",NEITHER
<android.widget.TabWidget: void setRightStripDrawable(int)>,NEITHER
"<android.net.wifi.p2p.WifiP2pConfig: void writeToParcel(Parcel,int)>",SINK
<android.view.ViewPropertyAnimator: ViewPropertyAnimator rotationXBy(float)>,NEITHER
<android.widget.CalendarView: void setSelectedDateVerticalBar(int)>,NEITHER
<android.nfc.tech.NfcV: NfcV get(Tag)>,SOURCE
<android.preference.ListPreference: void setEntryValues(int)>,NEITHER
"<android.net.sip.SipManager: void open(SipProfile,PendingIntent,SipRegistrationListener)>",NEITHER
<android.content.res.TypedArray: CharSequence getTextArray(int)>,NEITHER
<android.app.WallpaperManager: void setStream(InputStream)>,SINK
"<android.accounts.AccountManager: void invalidateAuthToken(String,String)>",NEITHER
"<android.app.Activity: void startActivityForResult(Intent,int,Bundle)>",SINK
<android.widget.CheckedTextView: void setCheckMarkDrawable(int)>,NEITHER
<android.app.ActivityManager: void killBackgroundProcesses(String)>,NEITHER
"<android.os.Bundle: void putParcelableArray(String,Parcelable)>",NEITHER
<android.content.AsyncQueryHandler: void handleMessage(Message)>,SINK
<android.content.ContentProviderClient: ContentProviderResult applyBatch(ArrayList)>,NEITHER
<android.bluetooth.BluetoothA2dp: List getDevicesMatchingConnectionStates(int)>,SOURCE
<android.app.admin.DeviceAdminInfo: CharSequence loadLabel(PackageManager)>,NEITHER
<android.bluetooth.BluetoothHealth: List getDevicesMatchingConnectionStates(int)>,SOURCE
<android.location.LocationManager: Location getLastKnownLocation(String)>,SOURCE
<android.view.ViewPropertyAnimator: ViewPropertyAnimator alphaBy(float)>,NEITHER
<android.app.Activity: ActionBar getActionBar()>,NEITHER
<android.drm.DrmManagerClient: void release()>,NEITHER
<android.app.ActivityManager: PendingIntent getRunningServiceControlPanel(ComponentName)>,NEITHER
<android.app.WallpaperManager: Drawable peekFastDrawable()>,SOURCE
"<android.widget.TextView: int getOffsetForPosition(float,float)>",NEITHER
<android.widget.TextView: void setExtractedText(ExtractedText)>,SINK
<android.widget.ArrayAdapter: void addAll(Collection)>,NEITHER
<android.widget.NumberPicker: void setValue(int)>,NEITHER
"<android.view.textservice.SpellCheckerSubtype: CharSequence getDisplayName(Context,String,ApplicationInfo)>",NEITHER
"<android.location.LocationManager: void requestSingleUpdate(Criteria,LocationListener,Looper)>",NEITHER
<android.text.method.CharacterPickerDialog: void onClick(View)>,NEITHER
"<android.webkit.WebView: void postUrl(String,byte)>",SINK
<android.app.Activity: MenuInflater getMenuInflater()>,NEITHER
<android.widget.TimePicker: void setCurrentHour(Integer)>,NEITHER
<android.app.NotificationManager: void cancelAll()>,NEITHER
<android.view.View: void setImportantForAccessibility(int)>,NEITHER
<android.text.SpannableStringBuilder: void clearSpans()>,NEITHER
"<android.text.method.PasswordTransformationMethod: void onTextChanged(CharSequence,int,int,int)>",SINK
"<android.widget.SimpleAdapter: View getView(int,View,ViewGroup)>",NEITHER
<android.speech.tts.TextToSpeech: Locale getLanguage()>,SOURCE
"<android.content.res.TypedArray: float getFloat(int,float)>",NEITHER
<android.os.StrictMode: void noteSlowCall(String)>,NEITHER
<android.accounts.AccountManager: String getPassword(Account)>,SOURCE
<android.app.UiModeManager: int getNightMode()>,NEITHER
<android.nfc.tech.NfcF: int getTimeout()>,SOURCE
<android.accessibilityservice.AccessibilityServiceInfo: String loadDescription(PackageManager)>,NEITHER
<android.app.Service: void stopSelf()>,NEITHER
"<android.webkit.WebView: void loadDataWithBaseURL(String,String,String,String,String)>",NEITHER
<android.database.AbstractCursor: void deactivate()>,NEITHER
<android.view.ViewGroup: void removeAllViewsInLayout()>,NEITHER
<android.app.Activity: void finishAffinity()>,NEITHER
<android.view.ViewPropertyAnimator: ViewPropertyAnimator scaleX(float)>,NEITHER
"<android.app.WallpaperManager: void setWallpaperOffsets(IBinder,float,float)>",NEITHER
<android.database.sqlite.SQLiteClosable: void releaseReference()>,NEITHER
<android.content.ContextWrapper: void sendStickyBroadcast(Intent)>,SINK
"<android.content.Context: String getString(int,Object)>",NEITHER
<android.app.Activity: void startActivities(Intent)>,SINK
<android.util.EventLog: int getTagCode(String)>,NEITHER
"<android.appwidget.AppWidgetManager: void notifyAppWidgetViewDataChanged(int,int)>",NEITHER
"<android.accounts.AccountManager: void setUserData(Account,String,String)>",NEITHER
<android.bluetooth.BluetoothHeadset: List getDevicesMatchingConnectionStates(int)>,SOURCE
"<android.text.method.PasswordTransformationMethod: CharSequence getTransformation(CharSequence,View)>",SINK
<android.view.View: View focusSearch(int)>,NEITHER
"<android.content.Intent: Intent putExtra(String,char)>",NEITHER
<android.widget.ImageSwitcher: void setImageURI(Uri)>,SINK
<android.nfc.tech.IsoDep: void setTimeout(int)>,NEITHER
"<android.database.sqlite.SQLiteQueryBuilder: Cursor query(SQLiteDatabase,String,String,String,String,String,String,String,CancellationSignal)>",SOURCE
"<android.telephony.TelephonyManager: void listen(PhoneStateListener,int)>",NEITHER
<android.content.Intent: char getCharArrayExtra(String)>,NEITHER
<android.preference.PreferenceManager: PreferenceScreen createPreferenceScreen(Context)>,NEITHER
<android.os.Messenger: void send(Message)>,SINK
"<android.test.TouchUtils: void longClickView(InstrumentationTestCase,View)>",NEITHER
<android.view.accessibility.AccessibilityEvent: void initFromParcel(Parcel)>,NEITHER
<android.net.sip.SipManager: void close(String)>,NEITHER
"<android.database.DatabaseUtils: String stringForQuery(SQLiteStatement,String)>",SOURCE
<android.widget.AbsListView: void onRestoreInstanceState(Parcelable)>,NEITHER
"<android.bluetooth.BluetoothHealth: ParcelFileDescriptor getMainChannelFd(BluetoothDevice,BluetoothHealthAppConfiguration)>",SOURCE
<android.content.ClipboardManager: ClipDescription getPrimaryClipDescription()>,SOURCE
<android.inputmethodservice.KeyboardView: void closing()>,NEITHER
<android.widget.CursorTreeAdapter: void notifyDataSetChanged()>,NEITHER
<android.os.Environment: File getExternalStoragePublicDirectory(String)>,SOURCE
<android.preference.MultiSelectListPreference: void setEntryValues(int)>,NEITHER
"<android.text.Layout: float getDesiredWidth(CharSequence,int,int,TextPaint)>",NEITHER
<android.widget.AutoCompleteTextView: void performCompletion()>,NEITHER
"<android.widget.PopupWindow: void showAtLocation(View,int,int,int)>",SINK
"<android.widget.EditText: void setSelection(int,int)>",NEITHER
<android.os.Bundle: short getShort(String)>,NEITHER
"<android.content.ContentResolver: Cursor query(Uri,String,String,String,String,CancellationSignal)>",SOURCE
<android.hardware.display.DisplayManager: Display getDisplay(int)>,NEITHER
<android.app.backup.BackupManager: int requestRestore(RestoreObserver)>,NEITHER
"<android.app.admin.DevicePolicyManager: void setMaximumFailedPasswordsForWipe(ComponentName,int)>",NEITHER
<android.hardware.input.InputManager: InputDevice getInputDevice(int)>,SOURCE
<android.os.Bundle: ArrayList getCharSequenceArrayList(String)>,NEITHER
<android.app.Fragment: void onStart()>,NEITHER
<android.widget.SlidingDrawer: void toggle()>,NEITHER
<android.app.ProgressDialog: void setMax(int)>,NEITHER
"<android.content.ContentResolver: int update(Uri,ContentValues,String,String)>",SINK
<android.app.admin.DevicePolicyManager: List getActiveAdmins()>,SOURCE
<android.telephony.TelephonyManager: int getDataState()>,SOURCE
"<android.graphics.drawable.Drawable: void inflate(Resources,XmlPullParser,AttributeSet)>",NEITHER
<android.app.Activity: Object getSystemService(String)>,SOURCE
<android.os.CountDownTimer: CountDownTimer start()>,NEITHER
<android.speech.tts.TextToSpeech: int setEngineByPackageName(String)>,NEITHER
<android.os.Bundle: CharSequence getCharSequence(String)>,NEITHER
"<android.content.Intent: Intent putExtra(String,boolean)>",NEITHER
<android.view.animation.AnimationUtils: Animation makeInChildBottomAnimation(Context)>,NEITHER
<android.view.Window: void setBackgroundDrawableResource(int)>,NEITHER
<android.net.wifi.WifiManager: List getConfiguredNetworks()>,SOURCE
<android.content.ContextWrapper: void startActivities(Intent)>,SINK
<android.content.pm.PackageItemInfo: Drawable loadIcon(PackageManager)>,NEITHER
"<android.app.Instrumentation: Activity newActivity(Class,Context,IBinder,Application,Intent,ActivityInfo,CharSequence,Activity,String,Object)>",NEITHER
"<android.os.Bundle: short getShort(String,short)>",NEITHER
<android.app.TaskStackBuilder: TaskStackBuilder addParentStack(ComponentName)>,NEITHER
<android.widget.AdapterViewAnimator: void onRestoreInstanceState(Parcelable)>,NEITHER
<android.text.format.DateFormat: char getDateFormatOrder(Context)>,NEITHER
<android.text.Layout: float getLineRight(int)>,NEITHER
<android.widget.VideoView: void suspend()>,NEITHER
"<android.widget.TextView: void setError(CharSequence,Drawable)>",SINK
<android.accounts.AccountManager: AuthenticatorDescription getAuthenticatorTypes()>,NEITHER
"<android.view.animation.AnimationUtils: Animation loadAnimation(Context,int)>",NEITHER
"<android.os.DropBoxManager: void addText(String,String)>",SINK
<android.view.ViewGroup: void dispatchSystemUiVisibilityChanged(int)>,NEITHER
"<android.nfc.NfcAdapter: void setNdefPushMessage(NdefMessage,Activity,Activity)>",SINK
<android.nfc.tech.MifareClassic: MifareClassic get(Tag)>,SOURCE
"<android.content.res.Resources: String getString(int,Object)>",NEITHER
<android.text.method.MetaKeyKeyListener: void adjustMetaAfterKeypress(Spannable)>,NEITHER
<android.view.View: void sendAccessibilityEvent(int)>,NEITHER
"<android.view.ViewGroup: void addView(View,int,int)>",NEITHER
"<android.app.ActivityManager: void moveTaskToFront(int,int)>",NEITHER
"<android.app.Activity: void startIntentSenderFromChild(Activity,IntentSender,int,Intent,int,int,int)>",SINK
<android.text.Layout: float getPrimaryHorizontal(int)>,NEITHER
"<android.content.pm.ServiceInfo: void writeToParcel(Parcel,int)>",NEITHER
"<android.widget.ViewAnimator: void setInAnimation(Context,int)>",NEITHER
"<android.app.TaskStackBuilder: PendingIntent getPendingIntent(int,int,Bundle)>",NEITHER
<android.app.Activity: String getCallingPackage()>,NEITHER
"<android.appwidget.AppWidgetHostView: Rect getDefaultPaddingForWidget(Context,ComponentName,Rect)>",NEITHER
"<android.content.Intent: Intent putExtra(String,float)>",NEITHER
"<android.content.Intent: int getIntExtra(String,int)>",NEITHER
"<android.app.admin.DevicePolicyManager: void setPasswordMinimumLowerCase(ComponentName,int)>",NEITHER
<android.widget.RadioButton: void onInitializeAccessibilityNodeInfo(AccessibilityNodeInfo)>,NEITHER
<android.widget.TextView: void setTransformationMethod(TransformationMethod)>,NEITHER
<android.widget.TextView: void setInputExtras(int)>,NEITHER
<android.app.Activity: void setDefaultKeyMode(int)>,NEITHER
<android.hardware.SensorManager: void unregisterListener(SensorListener)>,NEITHER
<android.provider.SearchRecentSuggestions: void clearHistory()>,NEITHER
<android.database.sqlite.SQLiteOpenHelper: SQLiteDatabase getReadableDatabase()>,SOURCE
"<android.content.Intent: Intent putExtra(String,short)>",NEITHER
<android.view.inputmethod.InputMethodManager: List getEnabledInputMethodList()>,NEITHER
<android.test.ActivityInstrumentationTestCase: void testActivityTestCaseSetUpProperly()>,NEITHER
<android.location.LocationManager: void removeProximityAlert(PendingIntent)>,NEITHER
<android.preference.PreferenceFragment: void onDestroyView()>,NEITHER
"<android.media.MediaScannerConnection: void onServiceConnected(ComponentName,IBinder)>",SINK
<android.app.DialogFragment: void onDestroyView()>,NEITHER
<android.content.res.TypedArray: String getString(int)>,NEITHER
<android.app.UiModeManager: void enableCarMode(int)>,NEITHER
<android.widget.AdapterViewAnimator: void setAdapter(Adapter)>,NEITHER
<android.os.Handler: void dispatchMessage(Message)>,SINK
<android.content.Intent: int getIntArrayExtra(String)>,NEITHER
<android.widget.DialerFilter: void setLettersWatcher(TextWatcher)>,SINK
<android.webkit.WebView: void goBack()>,NEITHER
"<android.accounts.AccountManager: AccountManagerFuture getAuthTokenByFeatures(String,String,String,Activity,Bundle,Bundle,AccountManagerCallback,Handler)>",SOURCE
<android.app.UiModeManager: int getCurrentModeType()>,SOURCE
<android.widget.AbsListView: void getFocusedRect(Rect)>,NEITHER
<android.app.ListFragment: void setEmptyText(CharSequence)>,SINK
<android.content.ContentResolver: ContentProviderClient acquireUnstableContentProviderClient(String)>,NEITHER
<android.webkit.WebView: void clearSslPreferences()>,NEITHER
<android.bluetooth.BluetoothA2dp: int getConnectionState(BluetoothDevice)>,SOURCE
"<android.text.SpannableStringBuilder: SpannableStringBuilder replace(int,int,CharSequence)>",NEITHER
<android.view.accessibility.AccessibilityManager: void interrupt()>,NEITHER
<android.widget.CompoundButton: void onRestoreInstanceState(Parcelable)>,NEITHER
"<android.renderscript.Allocation: Allocation createFromBitmapResource(RenderScript,Resources,int)>",NEITHER
"<android.app.NotificationManager: void cancel(String,int)>",NEITHER
<android.view.accessibility.AccessibilityNodeInfo: AccessibilityNodeInfo getChild(int)>,NEITHER
<android.webkit.WebView: float getScale()>,NEITHER
<android.view.KeyEvent: int getUnicodeChar()>,SOURCE
<android.app.ProgressDialog: void incrementProgressBy(int)>,NEITHER
"<android.content.Intent: Intent putCharSequenceArrayListExtra(String,ArrayList)>",NEITHER
<android.view.animation.Animation: void cancel()>,NEITHER
"<android.content.ContextWrapper: void sendOrderedBroadcast(Intent,String)>",SINK
<android.appwidget.AppWidgetManager: List getInstalledProviders()>,NEITHER
<android.widget.CursorTreeAdapter: void changeCursor(Cursor)>,NEITHER
<android.app.Dialog: void setContentView(int)>,NEITHER
<android.view.Display: void getMetrics(DisplayMetrics)>,SOURCE
<android.app.AlertDialog: void setIcon(int)>,NEITHER
<android.os.Bundle: void remove(String)>,NEITHER
<android.content.ContextWrapper: int getWallpaperDesiredMinimumWidth()>,SOURCE
<android.content.res.Resources: int getInteger(int)>,NEITHER
"<android.text.method.DigitsKeyListener: CharSequence filter(CharSequence,int,int,Spanned,int,int)>",NEITHER
"<android.view.Window: void setWindowManager(WindowManager,IBinder,String)>",NEITHER
<android.app.Dialog: void onBackPressed()>,NEITHER
"<android.content.Intent: Intent putExtra(String,int)>",NEITHER
<android.os.Parcel: HashMap readHashMap(ClassLoader)>,NEITHER
<android.hardware.input.InputManager: int getInputDeviceIds()>,SOURCE
<android.text.SpannableStringBuilder: SpannableStringBuilder append(char)>,NEITHER
<android.view.KeyEvent: char getMatch(char)>,SOURCE
<android.accessibilityservice.AccessibilityService: void setServiceInfo(AccessibilityServiceInfo)>,NEITHER
"<android.content.Intent: Intent parseUri(String,int)>",NEITHER
"<android.net.sip.SipAudioCall: void attachCall(SipSession,String)>",SINK
<android.content.ContextWrapper: void unregisterReceiver(BroadcastReceiver)>,NEITHER
<android.app.admin.DevicePolicyManager: int getPasswordMinimumLowerCase(ComponentName)>,SOURCE
<android.nfc.tech.NfcF: void connect()>,NEITHER
<android.speech.tts.TextToSpeech: void shutdown()>,NEITHER
<android.text.method.TextKeyListener: void release()>,NEITHER
<android.nfc.tech.MifareUltralight: int getTimeout()>,SOURCE
<android.view.ViewPropertyAnimator: ViewPropertyAnimator translationXBy(float)>,NEITHER
<android.view.textservice.SpellCheckerInfo: CharSequence loadLabel(PackageManager)>,NEITHER
<android.os.Parcel: void readException()>,NEITHER
<android.content.ClipboardManager: void setText(CharSequence)>,SINK
<android.bluetooth.BluetoothSocket: void connect()>,NEITHER
<android.widget.PopupMenu: void show()>,NEITHER
"<android.os.Bundle: void putCharArray(String,char)>",NEITHER
<android.widget.Spinner: void setPopupBackgroundResource(int)>,NEITHER
<android.widget.TextView: void setTextScaleX(float)>,NEITHER
<android.media.AudioManager: void unloadSoundEffects()>,NEITHER
<android.net.SSLCertificateSocketFactory: String getDefaultCipherSuites()>,SOURCE
<android.view.Display: float getRefreshRate()>,SOURCE
<android.test.AndroidTestRunner: void runTest(TestResult)>,NEITHER
<android.location.LocationManager: void clearTestProviderStatus(String)>,NEITHER
"<android.content.res.AssetFileDescriptor: void writeToParcel(Parcel,int)>",NEITHER
<android.widget.CursorTreeAdapter: void notifyDataSetInvalidated()>,NEITHER
<android.location.LocationManager: void removeUpdates(PendingIntent)>,NEITHER
"<android.os.Parcel: void writeParcelable(Parcelable,int)>",NEITHER
"<android.widget.TextView: void setLineSpacing(float,float)>",NEITHER
<android.os.Parcel: ArrayList readArrayList(ClassLoader)>,NEITHER
<android.preference.PreferenceGroup: void addItemFromInflater(Preference)>,NEITHER
<android.view.KeyEvent: KeyCharacterMap getKeyCharacterMap()>,NEITHER
<android.view.textservice.SpellCheckerInfo: Drawable loadIcon(PackageManager)>,NEITHER
<android.net.wifi.WifiManager: int updateNetwork(WifiConfiguration)>,NEITHER
<android.view.KeyEvent: char getNumber()>,SOURCE
<android.widget.VideoView: void pause()>,NEITHER
<android.app.Activity: void onConfigurationChanged(Configuration)>,NEITHER
<android.inputmethodservice.InputMethodService: void onExtractedTextClicked()>,NEITHER
<android.app.DialogFragment: void onSaveInstanceState(Bundle)>,NEITHER
<android.app.WallpaperInfo: Drawable loadThumbnail(PackageManager)>,SINK
<android.view.View: void setTop(int)>,NEITHER
<android.app.ProgressDialog: void setSecondaryProgress(int)>,NEITHER
<android.webkit.WebView: void reload()>,NEITHER
"<android.os.Bundle: CharSequence getCharSequence(String,CharSequence)>",NEITHER
<android.database.sqlite.SQLiteDatabase: void endTransaction()>,NEITHER
"<android.content.ContentProviderClient: String getStreamTypes(Uri,String)>",SOURCE
<android.app.PendingIntent: String getCreatorPackage()>,NEITHER
"<android.view.inputmethod.InputMethodSubtype: CharSequence getDisplayName(Context,String,ApplicationInfo)>",NEITHER
"<android.content.ContextWrapper: void startActivity(Intent,Bundle)>",SINK
"<android.appwidget.AppWidgetManager: void updateAppWidgetOptions(int,Bundle)>",NEITHER
"<android.media.MediaMetadataRetriever: void setDataSource(Context,Uri)>",NEITHER
<android.widget.ImageView: void setImageResource(int)>,NEITHER
"<android.media.RingtoneManager: Ringtone getRingtone(Context,Uri)>",SOURCE
"<android.app.Activity: void startIntentSenderFromChild(Activity,IntentSender,int,Intent,int,int,int,Bundle)>",SINK
<android.widget.Toast: void setText(int)>,NEITHER
"<android.app.Dialog: void setFeatureDrawable(int,Drawable)>",NEITHER
<android.webkit.WebView: Picture capturePicture()>,SOURCE
<android.view.ViewPropertyAnimator: void cancel()>,NEITHER
"<android.widget.TextView: void setTextSize(int,float)>",NEITHER
"<android.view.textservice.SentenceSuggestionsInfo: void writeToParcel(Parcel,int)>",NEITHER
"<android.database.sqlite.SQLiteDatabase: int updateWithOnConflict(String,ContentValues,String,String,int)>",SINK
<android.net.TrafficStats: void incrementOperationCount(int)>,NEITHER
"<android.telephony.SmsMessage: SmsMessage createFromPdu(byte,String)>",NEITHER
<android.inputmethodservice.KeyboardView: void onDraw(Canvas)>,NEITHER
<android.widget.TextSwitcher: void setCurrentText(CharSequence)>,NEITHER
<android.widget.AutoCompleteTextView: void showDropDown()>,NEITHER
"<android.text.TextUtils: void copySpansFrom(Spanned,int,int,Class,Spannable,int)>",NEITHER
<android.widget.ListPopupWindow: void show()>,NEITHER
<android.app.WallpaperManager: void setResource(int)>,NEITHER
<android.preference.SwitchPreference: void setSwitchTextOn(int)>,NEITHER
<android.app.Instrumentation: void callActivityOnPause(Activity)>,SINK
<android.widget.TextView: void setSingleLine()>,NEITHER
"<android.content.Intent: byte getByteExtra(String,byte)>",NEITHER
"<android.content.Intent: Intent putExtra(String,CharSequence)>",NEITHER
<android.os.Bundle: CharSequence getCharSequenceArray(String)>,NEITHER
<android.app.AlertDialog: void setTitle(CharSequence)>,NEITHER
"<android.media.AudioManager: void playSoundEffect(int,float)>",NEITHER
<android.content.Intent: String resolveType(Context)>,NEITHER
<android.view.View: void onPopulateAccessibilityEvent(AccessibilityEvent)>,NEITHER
<android.speech.tts.TextToSpeech: Set getFeatures(Locale)>,NEITHER
<android.bluetooth.BluetoothHeadset: List getConnectedDevices()>,SOURCE
"<android.widget.PopupWindow: void update(View,int,int,int,int)>",SINK
<android.app.ActivityOptions: void update(ActivityOptions)>,NEITHER
<android.view.textservice.SpellCheckerSession: void close()>,NEITHER
"<android.content.ContentResolver: String getStreamTypes(Uri,String)>",SOURCE
"<android.test.InstrumentationTestSuite: void runTest(Test,TestResult)>",NEITHER
"<android.accounts.AccountManager: AccountManagerFuture addAccount(String,String,String,Bundle,Activity,AccountManagerCallback,Handler)>",NEITHER
"<android.text.Selection: void extendSelection(Spannable,int)>",NEITHER
<android.app.DatePickerDialog: void onRestoreInstanceState(Bundle)>,NEITHER
<android.os.Bundle: Parcelable getParcelableArray(String)>,NEITHER
"<android.content.ContentResolver: ContentProviderResult applyBatch(String,ArrayList)>",SOURCE
<android.content.Context: CharSequence getText(int)>,NEITHER
<android.app.Fragment: String getString(int)>,NEITHER
"<android.content.ContentResolver: void requestSync(Account,String,Bundle)>",NEITHER
"<android.webkit.WebViewClient: void onUnhandledKeyEvent(WebView,KeyEvent)>",NEITHER
"<android.media.MediaPlayer: void addTimedTextSource(Context,Uri,String)>",NEITHER
"<android.widget.SimpleAdapter: View getDropDownView(int,View,ViewGroup)>",NEITHER
<android.content.res.Resources: CharSequence getTextArray(int)>,NEITHER
<android.preference.Preference: void setIcon(int)>,NEITHER
<android.widget.ImageView: void setImageURI(Uri)>,SINK
<android.content.pm.PermissionInfo: CharSequence loadDescription(PackageManager)>,NEITHER
<android.nfc.tech.NfcB: void close()>,NEITHER
"<android.content.ContentProviderClient: AssetFileDescriptor openTypedAssetFileDescriptor(Uri,String,Bundle)>",SOURCE
<android.widget.ProgressBar: void incrementProgressBy(int)>,NEITHER
"<android.content.SearchRecentSuggestionsProvider: Uri insert(Uri,ContentValues)>",NEITHER
<android.telephony.TelephonyManager: CellLocation getCellLocation()>,SOURCE
<android.nfc.tech.Ndef: void connect()>,NEITHER
<android.media.Ringtone: void setStreamType(int)>,NEITHER
"<android.net.wifi.p2p.WifiP2pDeviceList: void writeToParcel(Parcel,int)>",SOURCE
<android.webkit.WebView: void freeMemory()>,NEITHER
<android.app.Instrumentation: void callActivityOnStop(Activity)>,NEITHER
"<android.content.pm.PermissionInfo: void writeToParcel(Parcel,int)>",NEITHER
<android.database.sqlite.SQLiteDatabase: List getAttachedDbs()>,SOURCE
"<android.content.ContextWrapper: void sendOrderedBroadcast(Intent,String,BroadcastReceiver,Handler,int,String,Bundle)>",SINK
<android.app.NotificationManager: void cancel(int)>,NEITHER
"<android.media.AudioManager: void setStreamVolume(int,int,int)>",NEITHER
<android.widget.BaseAdapter: void notifyDataSetChanged()>,NEITHER
<android.view.inputmethod.InputMethodManager: void viewClicked(View)>,NEITHER
"<android.content.ContentResolver: ParcelFileDescriptor openFileDescriptor(Uri,String)>",SOURCE
<android.hardware.usb.UsbManager: ParcelFileDescriptor openAccessory(UsbAccessory)>,SOURCE
"<android.os.Bundle: float getFloat(String,float)>",NEITHER
<android.media.MediaPlayer: void stop()>,NEITHER
"<android.content.Intent: Intent createChooser(Intent,CharSequence)>",NEITHER
<android.app.Activity: void closeOptionsMenu()>,NEITHER
<android.view.LayoutInflater: LayoutInflater from(Context)>,NEITHER
<android.app.DialogFragment: Dialog onCreateDialog(Bundle)>,SINK
<android.hardware.usb.UsbManager: UsbAccessory getAccessoryList()>,SOURCE
"<android.app.Dialog: void setFeatureDrawableAlpha(int,int)>",NEITHER
<android.database.sqlite.SQLiteDatabase: void setMaxSqlCacheSize(int)>,NEITHER
"<android.text.method.QwertyKeyListener: void markAsReplaced(Spannable,int,int,String)>",NEITHER
<android.app.ActivityManager: ConfigurationInfo getDeviceConfigurationInfo()>,SOURCE
"<android.media.SoundPool: int load(Context,int,int)>",NEITHER
"<android.content.ContentProvider: int bulkInsert(Uri,ContentValues)>",SINK
<android.content.Intent: Parcelable getParcelableArrayExtra(String)>,NEITHER
<android.view.inputmethod.InputMethodManager: void restartInput(View)>,NEITHER
"<android.app.ListFragment: void onViewCreated(View,Bundle)>",SINK
<android.content.CursorLoader: void cancelLoadInBackground()>,NEITHER
<android.preference.DialogPreference: void setDialogTitle(int)>,NEITHER
<android.widget.MediaController: void setAnchorView(View)>,SINK
"<android.content.ContentResolver: void startSync(Uri,Bundle)>",NEITHER
<android.net.sip.SipAudioCall: void close()>,NEITHER
"<android.content.ContextWrapper: void enforceCallingPermission(String,String)>",NEITHER
<android.text.Layout: float getLineWidth(int)>,NEITHER
<android.media.RingtoneManager: Cursor getCursor()>,SOURCE
<android.app.LauncherActivity: List makeListItems()>,NEITHER
"<android.content.res.Resources: String getQuantityString(int,int,Object)>",NEITHER
<android.widget.AbsListView: void smoothScrollToPosition(int)>,NEITHER
<android.text.style.URLSpan: void onClick(View)>,NEITHER
<android.widget.ViewSwitcher: void reset()>,NEITHER
"<android.text.SpannableString: CharSequence subSequence(int,int)>",NEITHER
<android.widget.CompoundButton: void setButtonDrawable(int)>,NEITHER
<android.database.sqlite.SQLiteStatement: void execute()>,NEITHER
"<android.text.SpannedString: CharSequence subSequence(int,int)>",NEITHER
"<android.app.ActivityManager: void moveTaskToFront(int,int,Bundle)>",NEITHER
<android.webkit.WebView: WebBackForwardList restoreState(Bundle)>,NEITHER
<android.content.ContextWrapper: Context createConfigurationContext(Configuration)>,NEITHER
"<android.appwidget.AppWidgetManager: void updateAppWidget(ComponentName,RemoteViews)>",NEITHER
<android.net.ConnectivityManager: int getNetworkPreference()>,SOURCE
<android.text.SpannableStringBuilder: void clear()>,NEITHER
"<android.net.nsd.NsdServiceInfo: void writeToParcel(Parcel,int)>",NEITHER
"<android.text.method.ReplacementTransformationMethod: CharSequence getTransformation(CharSequence,View)>",SINK
<android.content.res.Resources: XmlResourceParser getAnimation(int)>,NEITHER
<android.speech.SpeechRecognizer: void startListening(Intent)>,NEITHER
"<android.os.DropBoxManager: void addFile(String,File,int)>",SINK
<android.widget.ViewAnimator: void showPrevious()>,NEITHER
"<android.widget.ViewAnimator: void removeViews(int,int)>",NEITHER
<android.nfc.tech.MifareClassic: int getTimeout()>,SOURCE
<android.app.Activity: void setContentView(View)>,SINK
"<android.animation.LayoutTransition: void addChild(ViewGroup,View)>",SINK
<android.app.AlertDialog: void setIconAttribute(int)>,NEITHER
<android.app.Notification: Notification clone()>,NEITHER
"<android.content.ContentValues: void writeToParcel(Parcel,int)>",NEITHER
"<android.database.sqlite.SQLiteDatabase: Cursor rawQuery(String,String)>",SOURCE
"<android.content.ContextWrapper: void startIntentSender(IntentSender,Intent,int,int,int,Bundle)>",SINK
"<android.content.ContentProvider: AssetFileDescriptor openTypedAssetFile(Uri,String,Bundle)>",SOURCE
<android.app.Dialog: void closeOptionsMenu()>,NEITHER
"<android.content.Intent: Intent putExtra(String,Parcelable)>",NEITHER
"<android.security.KeyChain: PrivateKey getPrivateKey(Context,String)>",SOURCE
"<android.appwidget.AppWidgetManager: void updateAppWidget(int,RemoteViews)>",SINK
<android.bluetooth.BluetoothServerSocket: BluetoothSocket accept(int)>,SOURCE
<android.inputmethodservice.InputMethodService: void sendKeyChar(char)>,SINK
<android.net.sip.SipManager: SipSession getSessionFor(Intent)>,SOURCE
<android.widget.TextView: void setPaintFlags(int)>,NEITHER
<android.widget.TabHost: void setCurrentTab(int)>,NEITHER
"<android.content.ClipData: ClipData newUri(ContentResolver,CharSequence,Uri)>",SINK
<android.database.sqlite.SQLiteStatement: int executeUpdateDelete()>,NEITHER
<android.location.LocationManager: void clearTestProviderEnabled(String)>,NEITHER
<android.widget.ListView: void setRemoteViewsAdapter(Intent)>,SINK
<android.webkit.WebViewFragment: void onPause()>,NEITHER
"<android.preference.PreferenceActivity: void startWithFragment(String,Bundle,Fragment,int)>",SINK
<android.nfc.tech.MifareClassic: void connect()>,NEITHER
"<android.view.animation.LayoutAnimationController: void setInterpolator(Context,int)>",NEITHER
"<android.app.Activity: void triggerSearch(String,Bundle)>",NEITHER
"<android.view.animation.LayoutAnimationController: void setAnimation(Context,int)>",NEITHER
<android.animation.ObjectAnimator: void start()>,NEITHER
<android.view.KeyEvent: char getDisplayLabel()>,NEITHER
<android.preference.TwoStatePreference: void setSummaryOff(int)>,NEITHER
<android.widget.ShareActionProvider: void setShareHistoryFileName(String)>,NEITHER
<android.view.accessibility.AccessibilityNodeInfo: AccessibilityNodeInfo findFocus(int)>,NEITHER
"<android.os.RecoverySystem: void installPackage(Context,File)>",NEITHER
<android.app.Application: void onConfigurationChanged(Configuration)>,NEITHER
<android.inputmethodservice.InputMethodService: void requestHideSelf(int)>,NEITHER
"<android.app.Instrumentation: void sendStatus(int,Bundle)>",NEITHER
"<android.provider.Browser: void sendString(Context,String)>",SINK
"<android.content.ContentProvider: void attachInfo(Context,ProviderInfo)>",NEITHER
<android.webkit.WebView: void stopLoading()>,NEITHER
"<android.app.Activity: void startActivityFromChild(Activity,Intent,int,Bundle)>",SINK
"<android.app.WallpaperManager: void suggestDesiredDimensions(int,int)>",NEITHER
<android.app.WallpaperManager: void clear()>,NEITHER
<android.view.View: AccessibilityNodeInfo createAccessibilityNodeInfo()>,NEITHER
"<android.test.AndroidTestRunner: void setTestClassName(String,String)>",NEITHER
"<android.app.Activity: void setFeatureDrawableUri(int,Uri)>",NEITHER
<android.view.TextureView: Bitmap getBitmap(Bitmap)>,SOURCE
"<android.view.animation.AnimationUtils: LayoutAnimationController loadLayoutAnimation(Context,int)>",NEITHER
"<android.widget.SimpleAdapter: void setViewImage(ImageView,String)>",SINK
<android.view.InputDevice: Vibrator getVibrator()>,NEITHER
<android.widget.DialerFilter: void setFilterWatcher(TextWatcher)>,NEITHER
<android.app.admin.DevicePolicyManager: void removeActiveAdmin(ComponentName)>,NEITHER
"<android.net.wifi.p2p.WifiP2pGroup: void writeToParcel(Parcel,int)>",SOURCE
"<android.widget.Switch: void onMeasure(int,int)>",NEITHER
<android.database.sqlite.SQLiteDatabase: void beginTransactionNonExclusive()>,NEITHER
<android.app.ListFragment: void setListAdapter(ListAdapter)>,NEITHER
<android.test.TouchUtils: void dragQuarterScreenDown(ActivityInstrumentationTestCase)>,NEITHER
<android.widget.TimePicker: void setIs24HourView(Boolean)>,NEITHER
"<android.app.admin.DevicePolicyManager: void setKeyguardDisabledFeatures(ComponentName,int)>",NEITHER
<android.content.res.Resources: AssetFileDescriptor openRawResourceFd(int)>,NEITHER
<android.test.AndroidTestRunner: void runTest()>,NEITHER
<android.view.View: void setVisibility(int)>,NEITHER
"<android.media.MediaPlayer: void setDataSource(Context,Uri,Map)>",NEITHER
"<android.content.Intent: short getShortExtra(String,short)>",NEITHER
<android.app.Dialog: void registerForContextMenu(View)>,NEITHER
"<android.view.FocusFinder: View findNearestTouchable(ViewGroup,int,int,int,int)>",NEITHER
"<android.content.pm.ApplicationInfo: void writeToParcel(Parcel,int)>",NEITHER
"<android.net.sip.SipSession: void answerCall(String,int)>",NEITHER
"<android.view.animation.AnimationUtils: Interpolator loadInterpolator(Context,int)>",NEITHER
"<android.content.Intent: Intent putIntegerArrayListExtra(String,ArrayList)>",NEITHER
<android.widget.DialerFilter: void append(String)>,SINK
<android.content.ContextWrapper: File getExternalFilesDir(String)>,SOURCE
"<android.content.ContentResolver: void removePeriodicSync(Account,String,Bundle)>",NEITHER
<android.widget.DialerFilter: void removeFilterWatcher(TextWatcher)>,NEITHER
<android.net.wifi.WifiManager: int addNetwork(WifiConfiguration)>,SOURCE
<android.widget.SlidingDrawer: void animateToggle()>,NEITHER
<android.inputmethodservice.InputMethodService: void onConfigurationChanged(Configuration)>,SINK
<android.app.WallpaperManager: Drawable getFastDrawable()>,SOURCE
<android.app.Dialog: Bundle onSaveInstanceState()>,NEITHER
<android.widget.AbsListView: Parcelable onSaveInstanceState()>,NEITHER
<android.telephony.SmsMessage: SmsMessage createFromPdu(byte)>,NEITHER
"<android.app.Instrumentation: void callActivityOnNewIntent(Activity,Intent)>",SINK
"<android.text.SpannableStringBuilder: SpannableStringBuilder insert(int,CharSequence)>",NEITHER
<android.app.Fragment: void startActivity(Intent)>,SINK
<android.media.MediaPlayer: void reset()>,NEITHER
<android.widget.SlidingDrawer: void close()>,NEITHER
<android.media.AudioManager: void playSoundEffect(int)>,NEITHER
<android.preference.PreferenceManager: SharedPreferences getSharedPreferences()>,SOURCE
"<android.animation.LayoutTransition: void showChild(ViewGroup,View,int)>",SINK
<android.app.Activity: void removeDialog(int)>,NEITHER
<android.view.View: void announceForAccessibility(CharSequence)>,SINK
<android.content.res.Resources: CharSequence getText(int)>,NEITHER
<android.view.ViewConfiguration: ViewConfiguration get(Context)>,NEITHER
<android.bluetooth.BluetoothAdapter: String getName()>,SOURCE
<android.util.EventLog: String getTagName(int)>,NEITHER
"<android.widget.TextView: void setCompoundDrawablesWithIntrinsicBounds(int,int,int,int)>",NEITHER
<android.app.SearchManager: ComponentName getGlobalSearchActivity()>,SOURCE
"<android.text.Layout: void getCursorPath(int,Path,CharSequence)>",NEITHER
<android.content.res.AssetFileDescriptor: void close()>,NEITHER
<android.content.pm.LabeledIntent: CharSequence loadLabel(PackageManager)>,NEITHER
<android.content.ContextWrapper: ComponentName startService(Intent)>,SINK
"<android.app.ProgressDialog: ProgressDialog show(Context,CharSequence,CharSequence)>",SINK
<android.widget.TextView: void setTextSize(float)>,NEITHER
"<android.view.inputmethod.InputMethodManager: void setInputMethod(IBinder,String)>",NEITHER
"<android.text.LoginFilter: CharSequence filter(CharSequence,int,int,Spanned,int,int)>",NEITHER
<android.speech.RecognizerIntent: Intent getVoiceDetailsIntent(Context)>,SOURCE
<android.os.Bundle: void clear()>,NEITHER
"<android.webkit.WebView: void flingScroll(int,int)>",NEITHER
"<android.os.Bundle: void putByteArray(String,byte)>",NEITHER
<android.widget.ViewAnimator: void setDisplayedChild(int)>,SINK
"<android.app.admin.DeviceAdminReceiver: void onReceive(Context,Intent)>",SINK
"<android.test.TouchUtils: void scrollToTop(InstrumentationTestCase,Activity,ViewGroup)>",NEITHER
<android.nfc.tech.MifareClassic: void close()>,NEITHER
"<android.accessibilityservice.AccessibilityServiceInfo: void writeToParcel(Parcel,int)>",NEITHER
"<android.content.ContentProviderClient: Cursor query(Uri,String,String,String,String)>",SOURCE
<android.telephony.TelephonyManager: int getNetworkType()>,SOURCE
"<android.webkit.WebView: void addJavascriptInterface(Object,String)>",NEITHER
"<android.content.ContextWrapper: void sendStickyBroadcastAsUser(Intent,UserHandle)>",SINK
<android.view.View: void buildDrawingCache()>,NEITHER
"<android.view.TextureView: Bitmap getBitmap(int,int)>",SOURCE
<android.widget.VideoView: void setVideoURI(Uri)>,NEITHER
"<android.content.ContextWrapper: SharedPreferences getSharedPreferences(String,int)>",SOURCE
"<android.location.Geocoder: List getFromLocation(double,double,int)>",SOURCE
"<android.app.NotificationManager: void notify(String,int,Notification)>",SINK
<android.widget.ImageSwitcher: void setImageResource(int)>,NEITHER
<android.widget.TextView: void setText(int)>,NEITHER
<android.telephony.TelephonyManager: String getLine1Number()>,SOURCE
<android.app.Activity: void finish()>,NEITHER
<android.nfc.tech.NfcF: void setTimeout(int)>,NEITHER
<android.appwidget.AppWidgetHostView: void updateAppWidgetOptions(Bundle)>,SINK
"<android.app.Activity: void startIntentSenderForResult(IntentSender,int,Intent,int,int,int)>",SINK
<android.webkit.WebView: void setDownloadListener(DownloadListener)>,NEITHER
"<android.widget.RemoteViews: void setImageViewUri(int,Uri)>",SINK
<android.content.pm.ApplicationInfo: CharSequence loadDescription(PackageManager)>,NEITHER
<android.net.sip.SipSession: void unregister()>,NEITHER
<android.app.admin.DevicePolicyManager: int getPasswordMinimumSymbols(ComponentName)>,SOURCE
<android.content.ContentResolver: InputStream openInputStream(Uri)>,SOURCE
<android.content.ContextWrapper: void removeStickyBroadcast(Intent)>,NEITHER
<android.nfc.tech.NfcF: void close()>,NEITHER
<android.content.ClipboardManager: void setPrimaryClip(ClipData)>,SINK
<android.preference.MultiSelectListPreference: void setEntries(int)>,NEITHER
"<android.preference.PreferenceActivity: Intent onBuildStartFragmentIntent(String,Bundle,int,int)>",NEITHER
<android.media.MediaScannerConnection: void connect()>,NEITHER
<android.app.DialogFragment: void onStop()>,NEITHER
"<android.text.Selection: void setSelection(Spannable,int)>",NEITHER
<android.animation.TimeAnimator: void start()>,NEITHER
<android.app.TimePickerDialog: void onRestoreInstanceState(Bundle)>,NEITHER
"<android.app.Instrumentation: void callActivityOnCreate(Activity,Bundle)>",SINK
<android.webkit.WebView: void documentHasImages(Message)>,NEITHER
<android.net.sip.SipAudioCall: int getState()>,SOURCE
"<android.app.PendingIntent: PendingIntent getActivity(Context,int,Intent,int)>",NEITHER
<android.view.inputmethod.InputMethodManager: void showInputMethodAndSubtypeEnabler(String)>,NEITHER
<android.app.Instrumentation: void sendPointerSync(MotionEvent)>,NEITHER
"<android.media.RingtoneManager: void setActualDefaultRingtoneUri(Context,int,Uri)>",SINK
<android.content.ContextWrapper: void startActivity(Intent)>,SINK
<android.content.Intent: short getShortArrayExtra(String)>,NEITHER
"<android.text.method.ArrowKeyMovementMethod: void initialize(TextView,Spannable)>",NEITHER
<android.accounts.AccountManager: void clearPassword(Account)>,NEITHER
"<android.content.res.Resources: CharSequence getText(int,CharSequence)>",NEITHER
<android.view.ViewGroup: void removeView(View)>,NEITHER
<android.view.View: void refreshDrawableState()>,NEITHER
"<android.hardware.usb.UsbManager: void requestPermission(UsbAccessory,PendingIntent)>",NEITHER
<android.widget.ViewAnimator: void showNext()>,NEITHER
"<android.app.Activity: void startActivityFromChild(Activity,Intent,int)>",SINK
<android.app.admin.DevicePolicyManager: int getKeyguardDisabledFeatures(ComponentName)>,NEITHER
<android.drm.DrmManagerClient: String getOriginalMimeType(Uri)>,SOURCE
<android.view.ContextThemeWrapper: Object getSystemService(String)>,NEITHER
"<android.content.ContextWrapper: void sendStickyOrderedBroadcastAsUser(Intent,UserHandle,BroadcastReceiver,Handler,int,String,Bundle)>",SINK
<android.view.View: void setScrollY(int)>,NEITHER
"<android.nfc.NfcAdapter: void enableForegroundNdefPush(Activity,NdefMessage)>",SINK
<android.widget.TimePicker: void setCurrentMinute(Integer)>,NEITHER
<android.content.ContextWrapper: ClassLoader getClassLoader()>,NEITHER
<android.media.AudioManager: int getStreamVolume(int)>,SOURCE
"<android.view.View: void scrollTo(int,int)>",NEITHER
"<android.inputmethodservice.InputMethodService: void onExtractedSelectionChanged(int,int)>",NEITHER
"<android.appwidget.AppWidgetHost: AppWidgetHostView createView(Context,int,AppWidgetProviderInfo)>",SINK
<android.app.Activity: int getRequestedOrientation()>,NEITHER
<android.hardware.Camera: Camera open()>,SOURCE
"<android.view.inputmethod.BaseInputConnection: CharSequence getTextBeforeCursor(int,int)>",NEITHER
"<android.content.Intent: float getFloatExtra(String,float)>",NEITHER
<android.appwidget.AppWidgetHost: void deleteAppWidgetId(int)>,NEITHER
<android.os.Parcel: void writeTypedList(List)>,NEITHER
"<android.test.TouchUtils: int dragViewBy(ActivityInstrumentationTestCase,View,int,int,int)>",NEITHER
<android.app.Activity: void setTitle(CharSequence)>,SINK
<android.test.ServiceTestCase: void testServiceTestCaseSetUpProperly()>,NEITHER
<android.view.ActionProvider: void refreshVisibility()>,NEITHER
<android.os.UserManager: String getUserName()>,SOURCE
<android.net.ConnectivityManager: void setNetworkPreference(int)>,NEITHER
"<android.view.FocusFinder: View findNextFocus(ViewGroup,View,int)>",NEITHER
<android.webkit.WebView: int findAll(String)>,NEITHER
<android.nfc.NfcAdapter: NfcAdapter getDefaultAdapter(Context)>,NEITHER
<android.widget.ProgressBar: void setProgressDrawable(Drawable)>,NEITHER
<android.webkit.CookieSyncManager: void run()>,NEITHER
<android.inputmethodservice.AbstractInputMethodService: IBinder onBind(Intent)>,SOURCE
<android.app.WallpaperInfo: CharSequence loadLabel(PackageManager)>,NEITHER
<android.content.ContextWrapper: Object getSystemService(String)>,NEITHER
<android.inputmethodservice.InputMethodService: void onUpdateExtractingVisibility(EditorInfo)>,NEITHER
<android.view.View: void dispatchWindowVisibilityChanged(int)>,NEITHER
"<android.test.TouchUtils: void dragViewToBottom(ActivityInstrumentationTestCase,View,int)>",NEITHER
<android.webkit.WebView: int getContentHeight()>,NEITHER
<android.app.Instrumentation: void callActivityOnRestart(Activity)>,SINK
"<android.content.pm.InstrumentationInfo: void writeToParcel(Parcel,int)>",NEITHER
<android.view.SurfaceView: void draw(Canvas)>,SINK
<android.app.AlarmManager: void setTimeZone(String)>,NEITHER
<android.widget.VideoView: void setMediaController(MediaController)>,NEITHER
<android.appwidget.AppWidgetHost: void stopListening()>,NEITHER
<android.net.sip.SipAudioCall: void sendDtmf(int)>,SINK
"<android.widget.TextView: void append(CharSequence,int,int)>",SINK
<android.widget.AutoCompleteTextView: void setCompletionHint(CharSequence)>,SINK
"<android.view.View: void addFocusables(ArrayList,int,int)>",NEITHER
"<android.content.Intent: Intent putParcelableArrayListExtra(String,ArrayList)>",NEITHER
<android.test.TouchUtils: void dragQuarterScreenUp(ActivityInstrumentationTestCase)>,NEITHER
<android.content.Intent: void readFromParcel(Parcel)>,NEITHER
<android.view.inputmethod.InputMethodManager: Map getShortcutInputMethodsAndSubtypes()>,NEITHER
<android.app.admin.DevicePolicyManager: int getStorageEncryptionStatus()>,NEITHER
<android.view.ViewPropertyAnimator: ViewPropertyAnimator xBy(float)>,NEITHER
"<android.test.AndroidTestCase: void assertActivityRequiresPermission(String,String,String)>",NEITHER
"<android.content.Intent: Intent putExtra(String,double)>",NEITHER
<android.app.Activity: void onBackPressed()>,NEITHER
"<android.content.Intent: Intent putExtra(String,Serializable)>",NEITHER
<android.nfc.tech.NfcF: NfcF get(Tag)>,SOURCE
"<android.app.DatePickerDialog: void onClick(DialogInterface,int)>",NEITHER
<android.webkit.WebView: void requestFocusNodeHref(Message)>,NEITHER
<android.content.ContextWrapper: Drawable getWallpaper()>,SOURCE
<android.os.Parcel: Object readValue(ClassLoader)>,SOURCE
<android.view.View: ArrayList getFocusables(int)>,NEITHER
"<android.telephony.SmsManager: void sendMultipartTextMessage(String,String,ArrayList,ArrayList,ArrayList)>",SINK
<android.nfc.tech.Ndef: void close()>,NEITHER
"<android.webkit.WebView: void loadUrl(String,Map)>",NEITHER
"<android.content.ContextWrapper: void sendBroadcastAsUser(Intent,UserHandle,String)>",SINK
<android.widget.AdapterViewFlipper: void showPrevious()>,NEITHER
"<android.content.ContextWrapper: void sendBroadcastAsUser(Intent,UserHandle)>",SINK
<android.app.Activity: void setTitleColor(int)>,NEITHER
<android.media.MediaPlayer: void pause()>,NEITHER
<android.nfc.tech.Ndef: NdefMessage getNdefMessage()>,SOURCE
"<android.view.MenuInflater: void inflate(int,Menu)>",NEITHER
<android.net.sip.SipAudioCall: void toggleMute()>,NEITHER
"<android.test.TouchUtils: int dragViewToX(InstrumentationTestCase,View,int,int)>",NEITHER
<android.app.PendingIntent: UserHandle getCreatorUserHandle()>,SOURCE
"<android.content.res.Resources: InputStream openRawResource(int,TypedValue)>",NEITHER
<android.widget.DialerFilter: void setDigitsWatcher(TextWatcher)>,NEITHER
"<android.content.BroadcastReceiver: IBinder peekService(Context,Intent)>",SINK
"<android.app.Fragment: void startActivityForResult(Intent,int,Bundle)>",SINK
<android.database.sqlite.SQLiteDatabase: void disableWriteAheadLogging()>,NEITHER
<android.widget.TextSwitcher: void setText(CharSequence)>,SINK
<android.database.sqlite.SQLiteDatabase: SQLiteStatement compileStatement(String)>,NEITHER
<android.view.View: void dispatchSystemUiVisibilityChanged(int)>,NEITHER
<android.widget.TextClock: void setFormat24Hour(CharSequence)>,NEITHER
<android.view.ViewGroup: void clearChildFocus(View)>,NEITHER
<android.view.View: void clearAnimation()>,NEITHER
"<android.widget.ArrayAdapter: View getView(int,View,ViewGroup)>",SOURCE
<android.text.Html: Spanned fromHtml(String)>,NEITHER
<android.app.admin.DevicePolicyManager: int getPasswordMinimumNonLetter(ComponentName)>,SOURCE
"<android.nfc.NfcAdapter: void setBeamPushUris(Uri,Activity)>",SINK
<android.os.Parcel: void writeList(List)>,NEITHER
<android.database.MergeCursor: void deactivate()>,NEITHER
<android.media.RemoteControlClient: void setTransportControlFlags(int)>,NEITHER
<android.media.AsyncPlayer: void stop()>,NEITHER
"<android.webkit.WebView: void setHttpAuthUsernamePassword(String,String,String,String)>",NEITHER
<android.widget.AutoCompleteTextView: void onCommitCompletion(CompletionInfo)>,SINK
"<android.test.TouchUtils: void clickView(InstrumentationTestCase,View)>",NEITHER
<android.app.PendingIntent: void cancel()>,NEITHER
"<android.media.MediaPlayer: MediaPlayer create(Context,int)>",NEITHER
<android.view.Display: int getOrientation()>,NEITHER
<android.widget.AbsListView: void setFilterText(String)>,NEITHER
<android.speech.SpeechRecognizer: void destroy()>,NEITHER
<android.preference.Preference: void setTitle(int)>,NEITHER
<android.widget.ShareActionProvider: View onCreateActionView()>,NEITHER
<android.media.MediaScannerConnection: void disconnect()>,NEITHER
"<android.database.sqlite.SQLiteDatabase: Cursor query(String,String,String,String,String,String,String)>",SOURCE
<android.view.View: void setFadingEdgeLength(int)>,NEITHER
<android.content.res.Resources: int getDimensionPixelSize(int)>,NEITHER
<android.content.pm.PermissionGroupInfo: CharSequence loadDescription(PackageManager)>,NEITHER
<android.app.AlarmManager: void cancel(PendingIntent)>,NEITHER
<android.widget.AbsListView: InputConnection onCreateInputConnection(EditorInfo)>,NEITHER
<android.appwidget.AppWidgetHost: void deleteHost()>,NEITHER
"<android.content.Intent: Intent putExtra(String,String)>",NEITHER
<android.app.LocalActivityManager: void dispatchStop()>,NEITHER
"<android.media.AudioManager: void adjustVolume(int,int)>",NEITHER
"<android.security.KeyChain: void choosePrivateKeyAlias(Activity,KeyChainAliasCallback,String,Principal,String,int,String)>",NEITHER
"<android.content.res.TypedArray: int getColor(int,int)>",NEITHER
<android.text.AutoText: int getSize(View)>,NEITHER
"<android.location.LocationManager: void setTestProviderLocation(String,Location)>",NEITHER
<android.content.ContextWrapper: Context createDisplayContext(Display)>,NEITHER
<android.widget.SearchView: void onActionViewCollapsed()>,NEITHER
<android.app.WallpaperManager: Drawable peekDrawable()>,SOURCE
<android.webkit.WebView: void loadUrl(String)>,NEITHER
<android.view.ViewGroup: void removeViewAt(int)>,NEITHER
"<android.widget.SimpleCursorAdapter: void setViewImage(ImageView,String)>",SINK
"<android.content.pm.LabeledIntent: void writeToParcel(Parcel,int)>",NEITHER
<android.preference.ListPreference: void setEntries(int)>,NEITHER
<android.inputmethodservice.InputMethodService: void onFinishInput()>,NEITHER
<android.content.ContentResolver: SyncAdapterType getSyncAdapterTypes()>,NEITHER
"<android.app.Activity: void startActivities(Intent,Bundle)>",SINK
<android.widget.TextClock: void setFormat12Hour(CharSequence)>,NEITHER
<android.view.ViewStub: View inflate()>,NEITHER
"<android.text.method.NumberKeyListener: CharSequence filter(CharSequence,int,int,Spanned,int,int)>",SINK
<android.speech.tts.TextToSpeech: int setPitch(float)>,NEITHER
<android.app.SearchManager: List getSearchablesInGlobalSearch()>,NEITHER
<android.app.Instrumentation: void sendCharacterSync(int)>,NEITHER
<android.content.Intent: Intent putExtras(Intent)>,NEITHER
<android.webkit.WebView: void clearMatches()>,NEITHER
"<android.content.Intent: void writeToParcel(Parcel,int)>",NEITHER
<android.widget.AbsListView: void setChoiceMode(int)>,NEITHER
"<android.test.ProviderTestCase2: ContentResolver newResolverWithContentProviderFromSql(Context,String,Class,String,String,int,String)>",NEITHER
<android.inputmethodservice.InputMethodService: void hideWindow()>,NEITHER
"<android.content.ContentProviderClient: Cursor query(Uri,String,String,String,String,CancellationSignal)>",SOURCE
<android.os.Bundle: short getShortArray(String)>,NEITHER
<android.media.RingtoneManager: Ringtone getRingtone(int)>,NEITHER
<android.view.View: void onInitializeAccessibilityNodeInfo(AccessibilityNodeInfo)>,NEITHER
<android.widget.Toast: void show()>,NEITHER
<android.view.ViewGroup: void clearFocus()>,NEITHER
<android.widget.EditText: void extendSelection(int)>,NEITHER
<android.widget.StackView: void showNext()>,NEITHER
<android.net.sip.SipAudioCall: void answerCall(int)>,NEITHER
<android.app.Instrumentation: Activity startActivitySync(Intent)>,SINK
"<android.view.inputmethod.BaseInputConnection: CharSequence getTextAfterCursor(int,int)>",NEITHER
<android.widget.VideoView: void resume()>,NEITHER
<android.telephony.TelephonyManager: String getDeviceSoftwareVersion()>,SOURCE
<android.os.Bundle: ArrayList getStringArrayList(String)>,NEITHER
<android.content.res.Resources: InputStream openRawResource(int)>,NEITHER
<android.widget.SlidingDrawer: void animateClose()>,NEITHER
"<android.speech.SpeechRecognizer: SpeechRecognizer createSpeechRecognizer(Context,ComponentName)>",NEITHER
<android.content.Intent: double getDoubleArrayExtra(String)>,NEITHER
<android.bluetooth.BluetoothHeadset: int getConnectionState(BluetoothDevice)>,SOURCE
<android.nfc.tech.NfcB: void connect()>,NEITHER
"<android.text.style.DynamicDrawableSpan: void draw(Canvas,CharSequence,int,int,float,int,int,int,Paint)>",SINK
<android.app.MediaRouteActionProvider: View onCreateActionView(MenuItem)>,NEITHER
<android.widget.ProgressBar: Parcelable onSaveInstanceState()>,NEITHER
<android.app.Instrumentation: void callApplicationOnCreate(Application)>,NEITHER
<android.view.View: void createContextMenu(ContextMenu)>,NEITHER
<android.bluetooth.BluetoothA2dp: void finalize()>,NEITHER
"<android.preference.PreferenceActivity: void startPreferencePanel(String,Bundle,int,CharSequence,Fragment,int)>",NEITHER
"<android.content.ContextWrapper: void sendBroadcast(Intent,String)>",SINK
"<android.widget.AdapterViewAnimator: void setInAnimation(Context,int)>",NEITHER
"<android.animation.LayoutTransition: void hideChild(ViewGroup,View)>",NEITHER
<android.nfc.NfcAdapter: void disableForegroundNdefPush(Activity)>,NEITHER
"<android.app.Activity: void setFeatureDrawable(int,Drawable)>",NEITHER
<android.widget.TextView: void setTextKeepState(CharSequence)>,SINK
<android.widget.Toast: void cancel()>,NEITHER
<android.telephony.gsm.SmsManager: ArrayList divideMessage(String)>,NEITHER
<android.location.LocationManager: LocationProvider getProvider(String)>,NEITHER
"<android.content.ContentResolver: Object addStatusChangeListener(int,SyncStatusObserver)>",NEITHER
<android.os.PowerManager: void reboot(String)>,NEITHER
<android.util.LruCache: void resize(int)>,NEITHER
"<android.content.res.Resources: float getFraction(int,int,int)>",NEITHER
"<android.app.Activity: void startActivity(Intent,Bundle)>",SINK
<android.app.Activity: void showDialog(int)>,NEITHER
"<android.app.TimePickerDialog: void onClick(DialogInterface,int)>",NEITHER
<android.service.wallpaper.WallpaperService: void onDestroy()>,NEITHER
"<android.content.ContextWrapper: int checkUriPermission(Uri,String,String,int,int,int)>",NEITHER
"<android.content.Intent: ActivityInfo resolveActivityInfo(PackageManager,int)>",NEITHER
"<android.content.ContentProviderOperation: void writeToParcel(Parcel,int)>",NEITHER
<android.net.sip.SipSession: String getCallId()>,SOURCE
"<android.widget.ResourceCursorAdapter: View newDropDownView(Context,Cursor,ViewGroup)>",SINK
<android.net.wifi.WifiManager: int getWifiState()>,SOURCE
"<android.app.Activity: void startActivityFromFragment(Fragment,Intent,int,Bundle)>",SINK
<android.net.VpnService: IBinder onBind(Intent)>,NEITHER
<android.drm.DrmManagerClient: ContentValues getMetadata(Uri)>,SOURCE
"<android.inputmethodservice.KeyboardView: void setPopupOffset(int,int)>",NEITHER
<android.database.sqlite.SQLiteClosable: void close()>,NEITHER
<android.webkit.WebViewFragment: void onResume()>,NEITHER
<android.telephony.cdma.CdmaCellLocation: void fillInNotifierBundle(Bundle)>,NEITHER
<android.os.Environment: String getExternalStorageState()>,SOURCE
"<android.text.method.Touch: void scrollTo(TextView,Layout,int,int)>",NEITHER
<android.widget.TextView: void append(CharSequence)>,SINK
<android.test.InstrumentationTestRunner: void onCreate(Bundle)>,NEITHER
"<android.view.accessibility.AccessibilityEvent: void writeToParcel(Parcel,int)>",NEITHER
<android.net.sip.SipAudioCall: SipProfile getPeerProfile()>,SOURCE
<android.view.ViewPropertyAnimator: ViewPropertyAnimator scaleYBy(float)>,NEITHER
<android.preference.SwitchPreference: void setSwitchTextOff(int)>,NEITHER
"<android.database.sqlite.SQLiteDatabase: int update(String,ContentValues,String,String)>",SINK
<android.widget.StackView: void showPrevious()>,NEITHER
<android.widget.ShareActionProvider: void setShareIntent(Intent)>,NEITHER
<android.content.IntentSender: int getCreatorUid()>,SOURCE
<android.app.Instrumentation: void callActivityOnUserLeaving(Activity)>,SINK
"<android.content.ContextWrapper: void enforceCallingUriPermission(Uri,int,String)>",NEITHER
"<android.nfc.NfcAdapter: void enableForegroundDispatch(Activity,PendingIntent,IntentFilter,String)>",NEITHER
"<android.webkit.WebViewFragment: View onCreateView(LayoutInflater,ViewGroup,Bundle)>",NEITHER
"<android.app.TimePickerDialog: void updateTime(int,int)>",NEITHER
<android.inputmethodservice.InputMethodService: void setExtractView(View)>,NEITHER
<android.net.ConnectivityManager: NetworkInfo getNetworkInfo(int)>,SOURCE
<android.webkit.WebView: String findAddress(String)>,SOURCE
<android.app.ListFragment: ListView getListView()>,NEITHER
<android.webkit.WebView: void computeScroll()>,NEITHER
"<android.animation.LayoutTransition: void removeChild(ViewGroup,View)>",NEITHER
<android.view.Display: void getRealMetrics(DisplayMetrics)>,SOURCE
<android.view.accessibility.AccessibilityNodeInfo: AccessibilityNodeInfo getLabelFor()>,NEITHER
<android.content.pm.LabeledIntent: void readFromParcel(Parcel)>,NEITHER
"<android.view.inputmethod.InputMethodManager: void setAdditionalInputMethodSubtypes(String,InputMethodSubtype)>",NEITHER
<android.widget.AdapterViewAnimator: void setDisplayedChild(int)>,NEITHER
"<android.app.ApplicationErrorReport: ComponentName getErrorReportReceiver(Context,String,int)>",NEITHER
"<android.os.Message: void writeToParcel(Parcel,int)>",NEITHER
"<android.app.PendingIntent: PendingIntent getBroadcast(Context,int,Intent,int)>",SOURCE
<android.webkit.WebView: String getOriginalUrl()>,NEITHER
<android.os.Parcel: Object readArray(ClassLoader)>,NEITHER
<android.database.CursorWindow: CursorWindow newFromParcel(Parcel)>,NEITHER
<android.os.Bundle: Bundle getBundle(String)>,NEITHER
<android.app.ListFragment: void onDestroyView()>,NEITHER
<android.widget.ProgressBar: void setProgress(int)>,NEITHER
<android.media.AudioManager: void registerRemoteControlClient(RemoteControlClient)>,NEITHER
<android.os.Parcel: void writeMap(Map)>,NEITHER
"<android.view.View: View inflate(Context,int,ViewGroup)>",NEITHER
<android.animation.AnimatorSet: void end()>,NEITHER
<android.content.Intent: Intent getIntentOld(String)>,NEITHER
<android.net.sip.SipManager: void open(SipProfile)>,NEITHER
<android.nfc.tech.IsoDep: void close()>,NEITHER
"<android.content.ContextWrapper: Intent registerReceiver(BroadcastReceiver,IntentFilter)>",SOURCE
<android.view.ViewPropertyAnimator: ViewPropertyAnimator rotation(float)>,NEITHER
<android.app.Instrumentation: Bundle getAllocCounts()>,NEITHER
"<android.content.pm.ProviderInfo: void writeToParcel(Parcel,int)>",NEITHER
<android.content.Intent: String resolveTypeIfNeeded(ContentResolver)>,NEITHER
<android.app.Activity: void registerForContextMenu(View)>,NEITHER
"<android.widget.TextView: void setCompoundDrawablesRelativeWithIntrinsicBounds(int,int,int,int)>",NEITHER
<android.net.sip.SipSession: SipProfile getLocalProfile()>,SOURCE
"<android.preference.Preference: View getView(View,ViewGroup)>",NEITHER
"<android.accounts.AccountManager: void setPassword(Account,String)>",SINK
"<android.view.View: void measure(int,int)>",NEITHER
"<android.view.ViewGroup: void addView(View,int)>",NEITHER
"<android.drm.DrmManagerClient: int checkRightsStatus(Uri,int)>",NEITHER
<android.net.SSLCertificateSocketFactory: Socket createSocket()>,NEITHER
<android.app.Instrumentation: void callActivityOnDestroy(Activity)>,NEITHER
"<android.content.ContextWrapper: void sendOrderedBroadcastAsUser(Intent,UserHandle,String,BroadcastReceiver,Handler,int,String,Bundle)>",SINK
"<android.preference.PreferenceFragment: View onCreateView(LayoutInflater,ViewGroup,Bundle)>",SINK
<android.app.admin.DevicePolicyManager: int getCurrentFailedPasswordAttempts()>,SOURCE
<android.widget.Chronometer: void stop()>,NEITHER
<android.os.Bundle: void putAll(Bundle)>,NEITHER
<android.widget.MediaController: void show()>,NEITHER
<android.app.WallpaperManager: int getDesiredMinimumHeight()>,NEITHER
"<android.app.Activity: void onPanelClosed(int,Menu)>",SINK
<android.content.ContextWrapper: void setWallpaper(Bitmap)>,SINK
<android.app.TaskStackBuilder: TaskStackBuilder addParentStack(Class)>,NEITHER
<android.net.sip.SipSession: void endCall()>,NEITHER
<android.animation.ValueAnimator: void start()>,NEITHER
"<android.net.SSLCertificateSocketFactory: Socket createSocket(String,int,InetAddress,int)>",NEITHER
<android.view.accessibility.AccessibilityManager: List getEnabledAccessibilityServiceList(int)>,NEITHER
<android.app.ProgressDialog: void incrementSecondaryProgressBy(int)>,NEITHER
<android.os.Looper: void loop()>,NEITHER
<android.content.ContextWrapper: int checkCallingPermission(String)>,NEITHER
<android.view.InputDevice: int getDeviceIds()>,SOURCE
<android.view.ViewTreeObserver: void dispatchOnGlobalLayout()>,NEITHER
<android.content.Intent: Intent getIntent(String)>,SOURCE
<android.telephony.SmsManager: ArrayList divideMessage(String)>,NEITHER
"<android.widget.SimpleAdapter: void setViewText(TextView,String)>",SINK
"<android.content.ContentResolver: void cancelSync(Account,String)>",NEITHER
<android.net.Proxy: int getPort(Context)>,SOURCE
"<android.test.TouchUtils: void dragViewToBottom(ActivityInstrumentationTestCase,View)>",NEITHER
<android.view.inputmethod.InputMethodManager: InputMethodSubtype getLastInputMethodSubtype()>,NEITHER
"<android.view.inputmethod.InputMethodManager: void toggleSoftInputFromWindow(IBinder,int,int)>",NEITHER
"<android.database.sqlite.SQLiteDatabase: void execSQL(String,Object)>",NEITHER
<android.net.http.SslCertificate: SslCertificate restoreState(Bundle)>,NEITHER
"<android.app.admin.DevicePolicyManager: void setPasswordMinimumSymbols(ComponentName,int)>",NEITHER
<android.webkit.WebView: void setOverScrollMode(int)>,NEITHER
<android.media.MediaPlayer: void start()>,NEITHER
<android.webkit.WebView: WebSettings getSettings()>,SOURCE
<android.inputmethodservice.InputMethodService: void updateInputViewShown()>,NEITHER
<android.webkit.WebView: String getTitle()>,NEITHER
<android.content.ContentProvider: ContentProviderResult applyBatch(ArrayList)>,SOURCE
<android.webkit.WebView: void setWebChromeClient(WebChromeClient)>,NEITHER
<android.widget.TabWidget: void addView(View)>,NEITHER
"<android.content.pm.PackageItemInfo: XmlResourceParser loadXmlMetaData(PackageManager,String)>",NEITHER
<android.app.NativeActivity: void onLowMemory()>,NEITHER
"<android.database.sqlite.SQLiteQueryBuilder: Cursor query(SQLiteDatabase,String,String,String,String,String,String,String)>",SOURCE
<android.widget.MediaController: void show(int)>,NEITHER
<android.content.ContextWrapper: PackageManager getPackageManager()>,NEITHER
<android.content.Context: String getString(int)>,NEITHER
"<android.app.Fragment: void startActivity(Intent,Bundle)>",SINK
<android.app.DialogFragment: void onCreate(Bundle)>,NEITHER
"<android.drm.DrmManagerClient: int getDrmObjectType(Uri,String)>",NEITHER
<android.app.PendingIntent: void send()>,NEITHER
"<android.text.TextUtils: CharSequence expandTemplate(CharSequence,CharSequence)>",NEITHER
"<android.inputmethodservice.InputMethodService: void onExtractedCursorMovement(int,int)>",NEITHER
"<android.widget.ArrayAdapter: ArrayAdapter createFromResource(Context,int,int)>",NEITHER
<android.nfc.tech.NfcA: NfcA get(Tag)>,SOURCE
<android.view.accessibility.AccessibilityNodeInfo: AccessibilityNodeInfo getLabeledBy()>,NEITHER
"<android.test.TouchUtils: void tapView(InstrumentationTestCase,View)>",NEITHER
<android.preference.Preference: void restoreHierarchyState(Bundle)>,NEITHER
<android.hardware.SensorManager: int getSensors()>,SOURCE
"<android.database.sqlite.SQLiteDatabase: Cursor query(String,String,String,String,String,String,String,String)>",SOURCE
"<android.test.TouchUtils: void touchAndCancelView(InstrumentationTestCase,View)>",NEITHER
<android.widget.AdapterViewFlipper: void setAdapter(Adapter)>,NEITHER
<android.app.TaskStackBuilder: void startActivities(Bundle)>,SINK
<android.inputmethodservice.KeyboardView: void onDetachedFromWindow()>,NEITHER
<android.os.Parcel: SparseArray readSparseArray(ClassLoader)>,NEITHER
"<android.app.Activity: View onCreateView(View,String,Context,AttributeSet)>",SINK
<android.content.res.TypedArray: ColorStateList getColorStateList(int)>,NEITHER
"<android.content.ContextWrapper: Intent registerReceiver(BroadcastReceiver,IntentFilter,String,Handler)>",NEITHER
<android.net.sip.SipAudioCall: void endCall()>,NEITHER
<android.content.res.Resources: XmlResourceParser getLayout(int)>,NEITHER
<android.app.WallpaperInfo: CharSequence loadDescription(PackageManager)>,SOURCE
<android.text.SpannableStringBuilder: SpannableStringBuilder append(CharSequence)>,NEITHER
"<android.view.inputmethod.InputMethodManager: void displayCompletions(View,CompletionInfo)>",NEITHER
<android.view.View: void onInitializeAccessibilityEvent(AccessibilityEvent)>,NEITHER
<android.view.ViewGroup: void focusableViewAvailable(View)>,NEITHER
"<android.text.method.ArrowKeyMovementMethod: void onTakeFocus(TextView,Spannable,int)>",NEITHER
"<android.os.ParcelFileDescriptor: void writeToParcel(Parcel,int)>",NEITHER
"<android.test.TouchUtils: void dragQuarterScreenDown(InstrumentationTestCase,Activity)>",NEITHER
<android.bluetooth.BluetoothHealth: int getConnectionState(BluetoothDevice)>,SOURCE
<android.webkit.WebView: void goForward()>,NEITHER
<android.bluetooth.BluetoothAdapter: BluetoothDevice getRemoteDevice(byte)>,SOURCE
<android.telephony.TelephonyManager: String getDeviceId()>,SOURCE
"<android.os.ResultReceiver: void send(int,Bundle)>",SINK
<android.app.LocalActivityManager: void removeAllActivities()>,NEITHER
<android.app.Dialog: void openOptionsMenu()>,NEITHER
"<android.content.ContentResolver: int delete(Uri,String,String)>",NEITHER
<android.widget.PopupMenu: void inflate(int)>,NEITHER
"<android.widget.AbsListView: void smoothScrollToPositionFromTop(int,int)>",NEITHER
<android.app.Activity: void startActivity(Intent)>,SINK
<android.widget.AdapterViewAnimator: void advance()>,NEITHER
<android.app.admin.DevicePolicyManager: int getPasswordMinimumNumeric(ComponentName)>,SOURCE
<android.bluetooth.BluetoothDevice: int getBondState()>,SOURCE
<android.widget.AdapterView: void setEmptyView(View)>,SINK
"<android.database.sqlite.SQLiteDatabase: Cursor rawQuery(String,String,CancellationSignal)>",SOURCE
<android.preference.DialogPreference: void setDialogMessage(int)>,NEITHER
<android.preference.TwoStatePreference: void setSummaryOn(int)>,NEITHER
<android.content.Loader: void deliverCancellation()>,NEITHER
<android.app.FragmentBreadCrumbs: void onBackStackChanged()>,NEITHER
"<android.content.ContentProviderClient: ParcelFileDescriptor openFile(Uri,String)>",SOURCE
<android.bluetooth.BluetoothAdapter: Set getBondedDevices()>,SOURCE
<android.preference.PreferenceFragment: void onStop()>,NEITHER
<android.content.ContentResolver: OutputStream openOutputStream(Uri)>,SOURCE
<android.app.IntentService: void onCreate()>,NEITHER
"<android.content.SearchRecentSuggestionsProvider: int delete(Uri,String,String)>",NEITHER
<android.app.Activity: ComponentName getCallingActivity()>,NEITHER
<android.app.Instrumentation: void sendTrackballEventSync(MotionEvent)>,NEITHER
<android.widget.AlphabetIndexer: void onChanged()>,NEITHER
<android.inputmethodservice.InputMethodService: void onDestroy()>,NEITHER
<android.webkit.WebView: WebBackForwardList copyBackForwardList()>,SOURCE
<android.app.Activity: void setRequestedOrientation(int)>,NEITHER
<android.app.ActivityManager: List getRunningAppProcesses()>,SOURCE
<android.app.Instrumentation: void callActivityOnStart(Activity)>,SINK
<android.location.LocationManager: void removeUpdates(LocationListener)>,NEITHER
"<android.widget.PopupWindow: void update(View,int,int)>",NEITHER
"<android.os.Bundle: void putFloatArray(String,float)>",NEITHER
<android.text.SpannedString: SpannedString valueOf(CharSequence)>,NEITHER
"<android.speech.tts.TextToSpeech: int speak(String,int,HashMap)>",SINK
<android.content.Intent: ComponentName resolveActivity(PackageManager)>,NEITHER
<android.speech.RecognitionService: void onDestroy()>,NEITHER
<android.widget.AutoCompleteTextView: void dismissDropDown()>,NEITHER
<android.webkit.WebSettings: String getDefaultUserAgent(Context)>,SOURCE
"<android.text.SpannableStringBuilder: CharSequence subSequence(int,int)>",NEITHER
"<android.text.SpannableStringBuilder: SpannableStringBuilder insert(int,CharSequence,int,int)>",NEITHER
<android.widget.ViewAnimator: void removeViewInLayout(View)>,NEITHER
<android.media.CameraProfile: int getJpegEncodingQualityParameter(int)>,SOURCE
<android.bluetooth.BluetoothHealth: List getConnectedDevices()>,SOURCE
"<android.app.Instrumentation: void callActivityOnSaveInstanceState(Activity,Bundle)>",SINK
<android.telephony.PhoneNumberUtils: void formatJapaneseNumber(Editable)>,NEITHER
<android.preference.Preference: SharedPreferences getSharedPreferences()>,SOURCE
<android.view.accessibility.AccessibilityManager: void sendAccessibilityEvent(AccessibilityEvent)>,NEITHER
<android.webkit.WebView: void onResume()>,NEITHER
